id,escolas_postos,bairro,endereco,lat,lon,logradouro,numero_end,tipo_escola,subprefeitura,quantidade
178,CENTRO INTEGRADO DE EDUCAÇÃO PÚBLICA HENFIL,CAJU,RUA CARLOS SEIDL S/No,"-22,880888","-43,225326",RUA CARLOS SEIDL,S/N,CIEP,CENTRO,20
634,ESCOLA MUNICIPAL ALICE DO AMARAL PEIXOTO,BENFICA,RUA EBANO 187,"-22,889574","-43,236202",RUA EBANO,187,EM,CENTRO,121
483,ESCOLA MUNICIPAL CELESTINO SILVA,CENTRO,RUA DO LAVRADIO 56,"-22,909293","-43,183579",RUA DO LAVRADIO,56,EM,CENTRO,220
476,ESCOLA MUNICIPAL FLORIANO PEIXOTO,SAO CRISTOVAO,PRACA ARGENTINA 20,"-22,897629","-43,227456",PRACA ARGENTINA,20,EM,CENTRO,190
132,ESCOLA MUNICIPAL PEREIRA PASSOS,RIO COMPRIDO,PRACA CONDESSA PAULO DE FRONTIN 45,"-22,924412","-43,208579",PRACA CONDESSA PAULO DE FRONTIN,45,EM,CENTRO,67
017,ESCOLA MUNICIPAL PRESIDENTE JOSE LINHARES,IPANEMA,RUA BARAO DA TORRE 90,"-22,983332","-43,199036",RUA BARAO DA TORRE,90,EM,ZONA SUL,48
055,ESCOLA MUNICIPAL SANTA CATARINA,SANTA TERESA,RUA EDUARDO SANTOS 38,"-22,915535","-43,191588",RUA EDUARDO SANTOS,38,EM,CENTRO,92
490,ESCOLA MUNICIPAL TIA CIATA,CENTRO,AVENIDA PRESIDENTE VARGAS S/No,"-22,907123","-43,195068",AVENIDA PRESIDENTE VARGAS,S/N,EM,CENTRO,578
600,ESCOLA MUNICIPAL URUGUAI,BENFICA,RUA ANA NERI 192,"-22,898488","-43,237756",RUA ANA NERI,192,EM,CENTRO,591
089,ESCOLA MUNICIPAL MARIO CLAUDIO,RIO COMPRIDO,RUA HADDOCK LOBO 148,"-22,917233","-43,211044",RUA HADDOCK LOBO,148,EM,CENTRO,473
387,CENTRO INTEGRADO DE EDUCAÇÃO PÚBLICA PRESIDENTE AGOSTINHO NETO,HUMAITA,RUA VISCONDE DE SILVA S/No,"-22,959167","-43,199723",RUA VISCONDE DE SILVA,S/N,CIEP,ZONA SUL,456
331,CENTRO INTEGRADO DE EDUCAÇÃO PÚBLICA TANCREDO NEVES,CATETE,RUA DO CATETE 77,"-22,922785","-43,176685",RUA DO CATETE,77,CIEP,ZONA SUL,223
450,ESCOLA MUNICIPAL ALBERTO BARTH,FLAMENGO,AVENIDA OSWALDO CRUZ 124,"-22,940711","-43,17647",AVENIDA OSWALDO CRUZ,124,EM,ZONA SUL,420
558,ESCOLA MUNICIPAL CÍCERO PENA,COPACABANA,AVENIDA ATLANTICA 1976,"-22,968647","-43,181139",AVENIDA ATLANTICA,1976,EM,ZONA SUL,573
540,ESCOLA MUNICIPAL HENRIQUE DODSWORTH,IPANEMA,AVENIDA EPITACIO PESSOA 474,"-22,981955","-43,213579",AVENIDA EPITACIO PESSOA,474,EM,ZONA SUL,516
309,ESCOLA MUNICIPAL MÉXICO,BOTAFOGO,RUA DA MATRIZ 67,"-22,952706","-43,191761",RUA DA MATRIZ,67,EM,ZONA SUL,319
268,ESCOLA MUNICIPAL MINAS GERAIS,URCA,AVENIDA PASTEUR 433,"-22,953822","-43,168885",AVENIDA PASTEUR,433,EM,ZONA SUL,308
523,ESCOLA MUNICIPAL PRESIDENTE DA COSTA E SILVA,BOTAFOGO,RUA ASSUNCAO 257,"-22,945558","-43,186591",RUA ASSUNCAO,257,EM,ZONA SUL,111
017,ESCOLA MUNICIPAL PRESIDENTE JOSE LINHARES,IPANEMA,RUA BARAO DA TORRE 90,"-22,983332","-43,199036",RUA BARAO DA TORRE,90,EM,ZONA SUL,48
035,ESCOLA MUNICIPAL SENADOR CORREA,LARANJEIRAS,RUA SEN. CORREA,"-22,933989","-43,181011",RUA SEN. CORREA,S/N,EM,ZONA SUL,525
011,CENTRO INTEGRADO DE EDUCAÇÃO PÚBLICA SAMUEL WEINER,TIJUCA,AVENIDA HEITOR BELTRAO S/No,"-22,921274","-43,227998",AVENIDA HEITOR BELTRAO,S/N,CIEP,GRANDE TIJUCA,445
226,ESCOLA MUNICIPAL AFRANIO PEIXOTO,ANDARAI,RUA FERREIRA PONTES 328,"-22,926855","-43,254913",RUA FERREIRA PONTES,328,EM,GRANDE TIJUCA,164
638,ESCOLA MUNICIPAL AZEVEDO SODRÉ,PRACA DA BANDEIRA,RUA BARAO DE UBA 331,"-22,915447","-43,211091",RUA BARAO DE UBA,331,EM,GRANDE TIJUCA,293
089,ESCOLA MUNICIPAL MARIO CLAUDIO,RIO COMPRIDO,RUA HADDOCK LOBO 148,"-22,917233","-43,211044",RUA HADDOCK LOBO,148,EM,CENTRO,473
126,ESCOLA MUNICIPAL DUQUE DE CAXIAS,GRAJAU,RUA MAL. JOFRE 74,"-22,918541","-43,26509",RUA MAL. JOFRE,74,EM,GRANDE TIJUCA,399
180,ESCOLA MUNICIPAL EQUADOR,VILA ISABEL,BOULEVARD 28 DE SETEMBRO 353,"-22,916152","-43,247048",BOULEVARD  DE SETEMBRO,28,EM,GRANDE TIJUCA,185
163,ESCOLA MUNICIPAL LAUDIMIA TROTTA,TIJUCA,RUA ANTONIO BASILIO 370,"-22,926842","-43,237889",RUA ANTONIO BASILIO,370,EM,GRANDE TIJUCA,576
361,ESCOLA MUNICIPAL PRUDENTE DE MORAES,TIJUCA,RUA ENES DE SOUSA 36,"-22,92906","-43,232871",RUA ENES DE SOUSA,36,EM,GRANDE TIJUCA,63
280,ESCOLA MUNICIPAL GENERAL HUMBERTO DE SOUZA MELLO,VILA ISABEL,RUA OITO DE DEZEMBRO 275,"-22,909823","-43,239393",RUA OITO DE DEZEMBRO,275,EM,GRANDE TIJUCA,491
587,ESCOLA MUNICIPAL ALMIRANTE TAMANDARÉ,VIDIGAL,AVENIDA PRESIDENTE JOAO GOULART 296,"-22,993697","-43,235579",AVENIDA PRESIDENTE JOAO GOULART,296,EM,ZONA SUL,336
653,ESCOLA MUNICIPAL LÚCIA MIGUEL PEREIRA,SAO CONRADO,RUA MARTAGAO GESTEIRA S/N,"-22,997417","-43,272181",RUA MARTAGAO GESTEIRA S/N,S/N,EM,ZONA SUL,159
660,ESCOLA MUNICIPAL NOSSA SENHORA DA POMPÉIA,TODOS OS SANTOS,RUA CIRNE MAIA 109,"-22,892031","-43,279925",RUA CIRNE MAIA,109,EM,ZONA NORTE,342
382,ESCOLA MUNICIPAL SANTOS ANJOS,LEBLON,RUA HUMBERTO DE CAMPOS S/N,"-22,981559","-43,217029",RUA HUMBERTO DE CAMPOS S/N,S/N,EM,ZONA SUL,262
217,ESCOLA MUNICIPAL ALAGOAS,PILARES,AVENIDA DOM HELDER CAMARA 6742,"-22,881338","-43,294091",AVENIDA DOM HELDER CAMARA,6742,EM,ZONA NORTE,440
378,ESCOLA MUNICIPAL BRIGADEIRO FARIA LIMA,AGUA SANTA,RUA VIOLETA S/No,"-22,906272","-43,307919",RUA VIOLETA,S/N,EM,ZONA NORTE,365
025,ESCOLA MUNICIPAL GEORGE SUMMER,RIACHUELO,RUA ANA NERI,"-22,900704","-43,255408",RUA ANA NERI,S/N,EM,ZONA NORTE,183
660,ESCOLA MUNICIPAL NOSSA SENHORA DA POMPÉIA,TODOS OS SANTOS,RUA CIRNE MAIA 109,"-22,892031","-43,279925",RUA CIRNE MAIA,109,EM,ZONA NORTE,342
373,ESCOLA MUNICIPAL PROFESSOR AUGUSTO PAULINO,MEIER,RUA CONEGO TOBIAS 116,"-22,904163","-43,28033",RUA CONEGO TOBIAS,116,EM,ZONA NORTE,44
624,ESCOLA MUNICIPAL RIO GRANDE DO SUL,ENGENHO DE DENTRO,RUA ADOLFO BERGAMINI 201,"-22,900341","-43,29594",RUA ADOLFO BERGAMINI,201,EM,ZONA NORTE,109
157,ESCOLA MUNICIPAL SARMIENTO,ENGENHO NOVO,RUA VINTE QUATRO DE MAIO 931,"-22,903031","-43,267883",RUA VINTE QUATRO DE MAIO,931,EM,ZONA NORTE,350
020,ESCOLA MUNICIPAL TAGORE,PIEDADE,PRACA FREDERICO DUVAL S/No,"-22,887661","-43,302467",PRACA FREDERICO DUVAL,S/N,EM,ZONA NORTE,255
117,CENTRO INTEGRADO DE EDUCAÇÃO PÚBLICA CHANCELER WILLY BRANDT,JACARE,RUA ALVARO SEIXAS S/No,"-22,894178","-43,263847",RUA ALVARO SEIXAS,S/N,CIEP,ZONA NORTE,457
502,CENTRO INTEGRADO DE EDUCAÇÃO PÚBLICA PATRICE LUMUMBA,DEL CASTILHO,PRACA DA CONFEDERACAO SUICA S/No,"-22,878355","-43,274889",PRACA DA CONFEDERACAO SUICA,S/N,CIEP,ZONA NORTE,493
351,CENTRO INTEGRADO DE EDUCAÇÃO PÚBLICA VINÍCIUS DE MORAES,JACARE,AVENIDA DOM HELDER CAMARA 1715,"-22,885318","-43,254104",AVENIDA DOM HELDER CAMARA,1715,CIEP,ZONA NORTE,489
135,ESCOLA MUNICIPAL DOMINGOS BEBIANO,INHAUMA,ESTRADA ADHEMAR BEBIANO 1870,"-22,873892","-43,277712",ESTRADA ADHEMAR BEBIANO,1870,EM,ZONA NORTE,456
388,ESCOLA MUNICIPAL CARDEAL CAMARA,PARADA DE LUCAS,RUA ANAMA 98,"-22,81527","-43,303566",RUA ANAMA,98,EM,ZONA NORTE,504
440,ESCOLA MUNICIPAL JOAQUIM RIBEIRO,INHAUMA,PRACA SOLDADO COSME DOS SANTOS 28,"-22,87757","-43,285628",PRACA SOLDADO COSME DOS SANTOS,28,EM,ZONA NORTE,530
259,ESCOLA MUNICIPAL PERNAMBUCO,MARIA DA GRACA,RUA CONDE DE AZAMBUJA 579,"-22,884179","-43,262622",RUA CONDE DE AZAMBUJA,579,EM,ZONA NORTE,158
422,ESCOLA MUNICIPAL ALBINO SOUZA CRUZ,MANGUINHOS,AVENIDA DOS DEMOCRATICOS 268,"-22,880986","-43,253246",AVENIDA DOS DEMOCRATICOS,268,EM,ZONA NORTE,123
041,ESCOLA MUNICIPAL ANDRADE NEVES,JARDIM AMERICA,RUA VIANA DO CASTELO. S/No,"-22,809448","-43,326292",RUA VIANA DO CASTELO.,S/N,EM,ZONA NORTE,468
537,ESCOLA MUNICIPAL ARY QUINTELLA,PENHA CIRCULAR,RUA ENG. MOREIRA LIMA 54,"-22,839412","-43,300069",RUA ENG. MOREIRA LIMA,54,EM,ZONA NORTE,234
230,ESCOLA MUNICIPAL BERLIM,OLARIA,PRACA RAMOS FIGUEIRA 20,"-22,847791","-43,261444",PRACA RAMOS FIGUEIRA,20,EM,ZONA NORTE,24
379,CENTRO INTEGRADO DE EDUCAÇÃO PÚBLICA NELSON MANDELA,CAMPO GRANDE,PRACA DANIEL LAMES S/N,"-22,895575","-43,570508",PRACA DANIEL LAMES S/N,S/N,CIEP,ZONA OESTE,109
089,ESCOLA MUNICIPAL MARIO CLAUDIO,RIO COMPRIDO,RUA HADDOCK LOBO 148,"-22,917233","-43,211044",RUA HADDOCK LOBO,148,EM,CENTRO,473
146,ESCOLA MUNICIPAL BERNARDO VASCONCELOS,PENHA,PRACA SANTA ROSALIA 100,"-22,845629","-43,284007",PRACA SANTA ROSALIA,100,EM,ZONA NORTE,151
566,ESCOLA MUNICIPAL BRANT HORTA,PENHA CIRCULAR,RUA BENTO CARDOSO 130,"-22,835668","-43,288156",RUA BENTO CARDOSO,130,EM,ZONA NORTE,564
388,ESCOLA MUNICIPAL CARDEAL CAMARA,PARADA DE LUCAS,RUA ANAMA 98,"-22,81527","-43,303566",RUA ANAMA,98,EM,ZONA NORTE,504
498,ESCOLA MUNICIPAL CHILE,OLARIA,PRACA BELMONTE 15,"-22,84858","-43,268589",PRACA BELMONTE,15,EM,ZONA NORTE,61
663,ESCOLA MUNICIPAL CIENTISTA MÁRIO KROEFF,PENHA,RUA DO COUTO 91,"-22,838964","-43,27517",RUA DO COUTO,91,EM,ZONA NORTE,426
121,ESCOLA MUNICIPAL DILERMANDO CRUZ,RAMOS,AVENIDA TEIXEIRA DE CASTRO 407,"-22,853868","-43,252451",AVENIDA TEIXEIRA DE CASTRO,407,EM,ZONA NORTE,167
161,ESCOLA MUNICIPAL JOÃO DE DEUS,PENHA CIRCULAR,PRACA ALMEIDA GARRET S/No,"-22,829946","-43,282108",PRACA ALMEIDA GARRET,S/N,EM,ZONA NORTE,509
263,ESCOLA MUNICIPAL PADRE MANUEL DE NOBREGA,VIGARIO GERAL,PRACA ELBA 1215,"-22,857137","-43,264165",PRACA ELBA,1215,EM,ZONA NORTE,292
118,CENTRO INTEGRADO DE EDUCAÇÃO PÚBLICA ELIS REGINA,BONSUCESSO,RUA PRINCIPAL S/N.o,"-22,857829","-43,240452",RUA PRINCIPAL S/N.o,S/N,CIEP,ZONA NORTE,210
140,ESCOLA MUNICIPAL PEDRO LESSA,BONSUCESSO,RUA ADAIL 49,"-22,86047","-43,25428",RUA ADAIL,49,EM,ZONA NORTE,153
260,ESCOLA MUNICIPAL PROFESSOR JOSUE DE CASTRO,BONSUCESSO,AVENIDA BRASIL 4040 RUA DA VITORIA,"-22,873739","-43,240712",AVENIDA BRASIL  RUA DA VITORIA,4040,EM,ZONA NORTE,397
069,ESCOLA MUNICIPAL CARDEAL ARCOVERDE,MADUREIRA,RUA AGOSTINHO BARBALHO 401,"-22,876082","-43,343369",RUA AGOSTINHO BARBALHO,401,EM,ZONA NORTE,468
090,ESCOLA MUNICIPAL THOMAS JEFFERSON,ACARI,AVENIDA PASTOR MARTIN LUTHER KING JR S/No,"-22,81631","-43,340149",AVENIDA PASTOR MARTIN LUTHER KING JR,S/N,EM,ZONA NORTE,67
274,ESCOLA MUNICIPAL ABEILARD FEIJÓ,CACUIA,ESTRADA DA CACUIA 1386,"-22,807692","-43,181558",ESTRADA DA CACUIA,1386,EM,ILHAS,561
676,ESCOLA MUNICIPAL ANISIO TEIXEIRA,JARDIM GUANABARA,RUA SERENATA 40,"-22,812441","-43,209658",RUA SERENATA,40,EM,ILHAS,180
390,ESCOLA MUNICIPAL ANDREA FONTES PEIXOTO,PARQUE COLUMBIA,RUA FAUSTO E CASTRO S/No,"-22,81631","-43,340149",RUA FAUSTO E CASTRO,S/N,EM,ZONA NORTE,257
608,ESCOLA MUNICIPAL GRANDJEAN DE MONTIGNY,PAVUNA,PRACA DOS UCRANIANOS S/No,"-22,81389","-43,373926",PRACA DOS UCRANIANOS,S/N,EM,ZONA NORTE,260
589,ESCOLA MUNICIPAL MARIO PIRAGIBE,ANCHIETA,PRACA NOSSA SENHORA DAS DORES S/No,"-22,825581","-43,392076",PRACA NOSSA SENHORA DAS DORES,S/N,EM,ZONA NORTE,317
256,ESCOLA MUNICIPAL PARAIBA,ANCHIETA,ESTRADA MARECHAL ALENCASTRO 4.035,"-22,826363","-43,402883",ESTRADA MARECHAL ALENCASTRO .,4,EM,ZONA NORTE,345
090,ESCOLA MUNICIPAL THOMAS JEFFERSON,ACARI,AVENIDA PASTOR MARTIN LUTHER KING JR S/No,"-22,81631","-43,340149",AVENIDA PASTOR MARTIN LUTHER KING JR,S/N,EM,ZONA NORTE,67
248,ESCOLA MUNICIPAL ASPIRANTE CARLOS ALFREDO,TURIACU,RUA IBIA 105,"-22,860846","-43,34455",RUA IBIA,105,EM,ZONA NORTE,513
069,ESCOLA MUNICIPAL CARDEAL ARCOVERDE,MADUREIRA,RUA AGOSTINHO BARBALHO 401,"-22,876082","-43,343369",RUA AGOSTINHO BARBALHO,401,EM,ZONA NORTE,468
623,ESCOLA MUNICIPAL CECILIA MEIRELES,VILA KOSMOS,RUA SD. SERVINO MENGARDA 260,"-22,84944","-43,303787",RUA SD. SERVINO MENGARDA,260,EM,ZONA NORTE,416
603,ESCOLA MUNICIPAL ESPÍRITO SANTO,CAVALCANTI,RUA HERCULANO PENA S/N,"-22,874299","-43,314719",RUA HERCULANO PENA S/N,S/N,EM,ZONA NORTE,352
673,ESCOLA MUNICIPAL GRECIA,VILA DA PENHA,AVENIDA BRAZ DE PINA 1614,"-22,83783","-43,312536",AVENIDA BRAZ DE PINA,1614,EM,ZONA NORTE,393
089,ESCOLA MUNICIPAL MARIO CLAUDIO,RIO COMPRIDO,RUA HADDOCK LOBO 148,"-22,917233","-43,211044",RUA HADDOCK LOBO,148,EM,CENTRO,473
520,ESCOLA MUNICIPAL BARONESA DE SAAVEDRA,REALENGO,RUA MAL. BIBIANO COSTALAT 483-639,"-22,87185","-43,432432",RUA MAL. BIBIANO COSTALAT -,483,EM,GRANDE BANGU,136
412,ESCOLA MUNICIPAL MOZART LAGO,OSWALDO CRUZ,RUA JOSE CARVALHO SALGADO S/N.o,"-22,872211","-43,350334",RUA JOSE CARVALHO SALGADO S/N.o,S/N,EM,ZONA NORTE,395
031,ESCOLA MUNICIPAL PARA,ROCHA MIRANDA,AVENIDA DOS ITALIANOS 500,"-22,851963","-43,34949",AVENIDA DOS ITALIANOS,500,EM,ZONA NORTE,115
514,ESCOLA MUNICIPAL PARANÁ,CASCADURA,AVENIDA ERNANI CARDOSO 316,"-22,882408","-43,338111",AVENIDA ERNANI CARDOSO,316,EM,ZONA NORTE,534
023,ESCOLA MUNICIPAL CERVANTES,BENTO RIBEIRO,RUA ABILIO DOS SANTOS 170,"-22,86459","-43,365952",RUA ABILIO DOS SANTOS,170,EM,ZONA NORTE,342
415,ESCOLA MUNICIPAL LUIZ DE CAMÕES,COLEGIO,ESTRADA LUIZDE CAMOES 1446,"-22,846044","-43,338668",ESTRADA LUIZDE CAMOES,1446,EM,ZONA NORTE,152
016,CENTRO INTEGRADO DE EDUCAÇÃO PÚBLICA JOÃO BATISTA DOS SANTOS,CIDADE DE DEUS,RUA EDGAR WERNECK 1.565,"-22,947106","-43,359739",RUA EDGAR WERNECK .,1,CIEP,JACAREPAGUÁ,430
570,ESCOLA MUNICIPAL HELENA LOPES ABRANCHES,GARDENIA AZUL,RUA ACAPORI 495,"-22,96072","-43,353437",RUA ACAPORI,495,EM,JACAREPAGUÁ,466
528,CENTRO INTEGRADO DE EDUCAÇÃO PÚBLICA MARGARET MEE,RECREIO DOS BANDEIRANTES,RUA MINISTRO ALIOMAR BALEEIRO S/No,"-23,019811","-43,481721",RUA MINISTRO ALIOMAR BALEEIRO,S/N,CIEP,BARRA DA TIJUCA,51
414,ESCOLA MUNICIPAL CLAUDIO BESSERMAN VIANNA - BUSSUNDA,JACAREPAGUA,ESTRADA DE JACAREPAGUA 3327,"-22,973355","-43,329156",ESTRADA DE JACAREPAGUA,3327,EM,JACAREPAGUÁ,26
690,ESCOLA MUNICIPAL FINLANDIA,CAMORIM,RUA IGARAPE-ACU,"-22,971988","-43,410113",RUA IGARAPE-ACU,S/N,EM,BARRA DA TIJUCA,94
202,ESCOLA MUNICIPAL PROFESSOR TEÓFILO MOREIRA DA COSTA,VARGEM GRANDE,RUA ESPERANCA 387,"-22,981726","-43,491639",RUA ESPERANCA,387,EM,BARRA DA TIJUCA,121
550,ESCOLA MUNICIPAL 25 DE ABRIL,FREGUESIA (JACAREPAGUA),RUA MAMORE 78,"-22,938165","-43,342579",RUA MAMORE,78,EM,JACAREPAGUÁ,128
211,ESCOLA MUNICIPAL FRANCIS HIME,TAQUARA,ESTRADA PAU DA FOME 196,"-22,918831","-43,41625",ESTRADA PAU DA FOME,196,EM,JACAREPAGUÁ,520
206,ESCOLA MUNICIPAL HONDURAS,PRACA SECA,PRACA BARAO DA TAQUARA 12,"-22,896931","-43,352667",PRACA BARAO DA TAQUARA,12,EM,JACAREPAGUÁ,392
466,ESCOLA MUNICIPAL NELSON RODRIGUES,TAQUARA,RUA FREI LUIZ ALEVATO S/N,"-22,935328","-43,369728",RUA FREI LUIZ ALEVATO S/N,S/N,EM,JACAREPAGUÁ,279
636,ESCOLA MUNICIPAL PABLO NERUDA,TAQUARA,ESTRADA DO MAPUA S/No RUA 3,"-22,92688","-43,387881",ESTRADA DO MAPUA  RUA,S/N,EM,JACAREPAGUÁ,161
527,ESCOLA MUNICIPAL VIRGILIO VÁRZEA,PECHINCHA,RUA JOSE SILVA 155,"-22,93253","-43,35113",RUA JOSE SILVA,155,EM,JACAREPAGUÁ,179
586,CENTRO INTEGRADO DE EDUCAÇÃO PÚBLICA ANTONIO EVARISTO DE MORAES,SENADOR CAMARA,AVENIDA DE SANTA CRUZ S/N,"-22,881793","-43,487326",AVENIDA DE SANTA CRUZ S/N,S/N,CIEP,GRANDE BANGU,194
080,ESCOLA MUNICIPAL JOSÉ MAURO DE VASCONCELOS,BANGU,RUA MARLIERIA S/No,"-22,850438","-43,466856",RUA MARLIERIA,S/N,EM,GRANDE BANGU,599
398,ESCOLA MUNICIPAL LEONARDO DA VINCI,BANGU,RUA RENATO REBECCHI S/N.,"-22,892527","-43,472954",RUA RENATO REBECCHI S/N.,S/N,EM,GRANDE BANGU,315
175,ESCOLA MUNICIPAL NAÇÕES UNIDAS,BANGU,RUA DOS LIMADORES S/N,"-22,888146","-43,476291",RUA DOS LIMADORES S/N,S/N,EM,GRANDE BANGU,435
308,CENTRO INTEGRADO DE EDUCAÇÃO PÚBLICA THOMAS JEFFERSON,REALENGO,ESTRADA DO ENGENHO NOVO S/No,"-22,866522","-43,425149",ESTRADA DO ENGENHO NOVO,S/N,CIEP,GRANDE BANGU,400
520,ESCOLA MUNICIPAL BARONESA DE SAAVEDRA,REALENGO,RUA MAL. BIBIANO COSTALAT 483-639,"-22,87185","-43,432432",RUA MAL. BIBIANO COSTALAT -,483,EM,GRANDE BANGU,136
576,ESCOLA MUNICIPAL CORYNTHO DA FONSECA,REALENGO,RUA URUQUE S/N.,"-22,858945","-43,443874",RUA URUQUE S/N.,S/N,EM,GRANDE BANGU,148
495,ESCOLA MUNICIPAL. ENGENHEIRO LAFAYETTE DE ANDRADA,DEODORO,AVENIDA DUQUE DE CAXIAS 170,"-22,856087","-43,386608",AVENIDA DUQUE DE CAXIAS,170,EM,GRANDE BANGU,128
379,CENTRO INTEGRADO DE EDUCAÇÃO PÚBLICA NELSON MANDELA,CAMPO GRANDE,PRACA DANIEL LAMES S/No,"-22,895575","-43,570508",PRACA DANIEL LAMES,S/N,CIEP,ZONA OESTE,109
641,ESCOLA MUNICIPAL LAURO MÜLLER,PADRE MIGUEL,RUA ROSA DE ALMEIDA 113,"-22,882073","-43,44644",RUA ROSA DE ALMEIDA,113,EM,GRANDE BANGU,269
689,ESCOLA MUNICIPAL MOACIR PADILHA,PADRE MIGUEL,RUA GENERAL GOMES DE CASTRO 30,"-22,868766","-43,450652",RUA GENERAL GOMES DE CASTRO,30,EM,GRANDE BANGU,571
171,ESCOLA MUNICIPAL PADRE LEONEL FRANCA,REALENGO,AVENIDA CANAL S/N,"-22,883457","-43,429451",AVENIDA CANAL S/N,S/N,EM,GRANDE BANGU,235
477,ESCOLA MUNICIPAL PAULO MARANHÃO,REALENGO,RUA DO GOVERNO 866,"-22,892991","-43,441219",RUA DO GOVERNO,866,EM,GRANDE BANGU,187
206,ESCOLA MUNICIPAL HONDURAS,PRACA SECA,PRACA BARAO DA TAQUARA 12,-22896931,-43352667,PRACA BARAO DA TAQUARA,12,EM,JACAREPAGUÁ,392
568,ESCOLA MUNICIPAL VISCONDE DE PORTO SEGURO,JARDIM SULACAP,RUA TEOFILO GUIMARAES 604,"-22,889076","-43,39248",RUA TEOFILO GUIMARAES,604,EM,GRANDE BANGU,362
399,CENTRO INTEGRADO DE EDUCAÇÃO PÚBLICA CLEMENTINA DE JESUS,CAMPO GRANDE,AVENIDA ALHAMBRA S/No,"-22,925293","-43,566649",AVENIDA ALHAMBRA,S/N,CIEP,ZONA OESTE,71
255,CENTRO INTEGRADO DE EDUCAÇÃO PÚBLICA FRANCISCO CAVALCANTE PONTES DE MIRANDA,SENADOR VASCONCELOS,ESTRADA MORICABA S/No,"-22,925293","-43,566649",ESTRADA MORICABA,S/N,CIEP,ZONA OESTE,591
262,CENTRO INTEGRADO DE EDUCAÇÃO PÚBLICA HERIVELTO MARTINS,SANTISSIMO,PRACA SANTO ANASTACIO S/N,"-22,886489","-43,528802",PRACA SANTO ANASTACIO S/N,S/N,CIEP,ZONA OESTE,221
379,CENTRO INTEGRADO DE EDUCAÇÃO PÚBLICA NELSON MANDELA,CAMPO GRANDE,PRACA DANIEL LAMES S/No,"-22,895575","-43,570508",PRACA DANIEL LAMES,S/N,CIEP,ZONA OESTE,109
616,CENTRO INTEGRADO DE EDUCAÇÃO PÚBLICA PROFESSOR DARCI RIBEIRO,CAMPO GRANDE,RUA CONCHAS S/N,"-22,887297","-43,587359",RUA CONCHAS S/N,S/N,CIEP,ZONA OESTE,372
320,COLEGIO MUNICIPAL PRESIDENTE ANTONIO CARLOS,COSMOS,RUA PEQUIA 97,"-22,910969","-43,616053",RUA PEQUIA,97,COLEGIO,ZONA OESTE,479
144,ESCOLA MUNICIPAL ALFREDO CESARIO ALVIM,CAMPO GRANDE,RUA RIO DA PRATA R. LUISA MARILAC 20,"-22,923154","-43,518773",RUA RIO DA PRATA R. LUISA MARILAC,20,EM,ZONA OESTE,99
534,ESCOLA MUNICIPAL CORA CORALINA,CAMPO GRANDE,RUA VOTORANTIM S/N KM 10 MENDANHA,"-22,858781","-43,537047",RUA VOTORANTIM S/N KM  MENDANHA,10,EM,ZONA OESTE,157
342,ESCOLA MUNICIPAL FERNANDO COSTA,CAMPO GRANDE,RUA JOSE ALBANO S/No,"-22,89036","-43,593991",RUA JOSE ALBANO,S/N,EM,ZONA OESTE,296
052,ESCOLA MUNICIPAL PROFESSOR PAULO SILVA,INHOAIBA,RUA JAIRO CORREA S/No,"-22,908586","-43,584735",RUA JAIRO CORREA,S/N,EM,ZONA OESTE,330
139,ESCOLA MUNICIPAL JESUS SOARES PEREIRA,CAMPO GRANDE,RUA CONSOLACAO 138,"-22,919593","-43,546838",RUA CONSOLACAO,138,EM,ZONA OESTE,316
323,CENTRO INTEGRADO DE EDUCAÇÃO PÚBLICA ISMAEL NERY,SANTA CRUZ,AVENIDA CESARIO DE MELO S/N,"-22,934157","-43,66213",AVENIDA CESARIO DE MELO S/N,S/N,CIEP,ZONA OESTE,106
573,CENTRO INTEGRADO DE EDUCAÇÃO PÚBLICA MAJOR MANUEL GOMES ARCHER,PACIENCIA,RUA CABO SAULO DE VASCONCELOS S/N.o,"-22,888549","-43,638052",RUA CABO SAULO DE VASCONCELOS S/N.o,S/N,CIEP,ZONA OESTE,207
560,ESCOLA MUNICIPAL ANDRE VIDAL DE NEGREIROS,SANTA CRUZ,RUA FELIPE CARDOSO 750,"-22,92139","-43,68058",RUA FELIPE CARDOSO,750,EM,ZONA OESTE,308
246,ESCOLA MUNICIPAL FERNANDO AZEVEDO,SANTA CRUZ,RUA DAS PALMEIRAS IMPERIAIS S/No,"-22,923065","-43,692332",RUA DAS PALMEIRAS IMPERIAIS,S/N,EM,ZONA OESTE,459
069,ESCOLA MUNICIPAL CARDEAL ARCOVERDE,MADUREIRA,RUA AGOSTINHO BARBALHO 401,"-22,876082","-43,343369",RUA AGOSTINHO BARBALHO,401,EM,ZONA NORTE,468
319,ESCOLA MUNICIPAL MARECHAL PEDRO CAVALCANTI,PACIENCIA,RUA PORTO FIRME S/N.o,"-22,924853","-43,632891",RUA PORTO FIRME S/N.o,S/N,EM,ZONA OESTE,537
584,ESCOLA MUNICIPAL NELSON ROMERO,SEPETIBA,RUA JOSE BALDINO S/N.o,"-22,971739","-43,697354",RUA JOSE BALDINO S/N.o,S/N,EM,ZONA OESTE,342
311,ESCOLA MUNICIPAL PESTALOZZI,SANTA CRUZ,RUA SEVERIANO DAS CHAGAS S/No,"-22,915717","-43,679753",RUA SEVERIANO DAS CHAGAS,S/N,EM,ZONA OESTE,162
316,ESCOLA MUNICIPAL PROFESSORA FLÁVIA DOS SANTOS SOARES,PACIENCIA,RUA EUDALDO GOMES DA SILVA S/N.o CONJ URUCANIA,"-22,914027","-43,653436",RUA EUDALDO GOMES DA SILVA S/N.o CONJ URUCANIA,S/N,EM,ZONA OESTE,579
497,ESCOLA MUNICIPAL PROFESSORA LEILA MEHL MENEZES DE MATTOS,PACIENCIA,AVENIDA MARIO PEREIRA DOS SANTOS S/N.o,"-22,873187","-43,627731",AVENIDA MARIO PEREIRA DOS SANTOS S/N.o,S/N,EM,ZONA OESTE,517
068,ESCOLA MUNICIPAL WALQUIR PEREIRA,SEPETIBA,ESTRADA DE SEPETIBA S/N BLOCO 1,"-22,956014","-43,686746",ESTRADA DE SEPETIBA S/N BLOCO,1,EM,ZONA OESTE,135
069,ESCOLA MUNICIPAL CARDEAL ARCOVERDE,MADUREIRA,RUA AGOSTINHO BARBALHO 401,"-22,876082","-43,343369",RUA AGOSTINHO BARBALHO,401,EM,ZONA NORTE,468
515,CENTRO INTEGRADO DE EDUCAÇÃO PÚBLICA HILDEBRANDO DE ARAUJO GOES,PEDRA DE GUARATIBA,ESTRADA DA PEDRA S/N.o,"-22,974506","-43,648171",ESTRADA DA PEDRA S/N.o,S/N,CIEP,ZONA OESTE,341
289,ESCOLA MUNICIPAL BERTHA LUTZ,GUARATIBA,ESTRADA DO PIAI 2075,"-22,979064","-43,67058",ESTRADA DO PIAI,2075,EM,ZONA OESTE,329
210,ESCOLA MUNICIPAL DEBORA MENDES DE MORAES,PEDRA DE GUARATIBA,RUA BELCHIOR DA FONSECA 643,"-23,001416","-43,638757",RUA BELCHIOR DA FONSECA,643,EM,ZONA OESTE,570
474,ESCOLA MUNICIPAL ENGENHEIRO GASTÃO RANGEL,GUARATIBA,ESTRADA DO MAGARCA 9.183,"-22,98046","-43,643545",ESTRADA DO MAGARCA .,9,EM,ZONA OESTE,320
301,ESCOLA MUNICIPAL JONATAS SERRANO,GUARATIBA,ESTRADA DO MATO ALTO S/No,"-22,953163","-43,577409",ESTRADA DO MATO ALTO,S/N,EM,ZONA OESTE,335
606,ESCOLA MUNICIPAL PROFESSOR CASTILHO,ILHA DE GUARATIBA,CAMINHO DA MATRIZ 4406,"-22,994124","-43,593683",CAMINHO DA MATRIZ,4406,EM,ZONA OESTE,521
069,ESCOLA MUNICIPAL CARDEAL ARCOVERDE,MADUREIRA,RUA AGOSTINHO BARBALHO 401,"-22,876082","-43,343369",RUA AGOSTINHO BARBALHO,401,EM,ZONA NORTE,468
